sample,subject,time,treatment,Alistipes,Bacteroides,Bifidobacterium,Clostridium,Collinsella,Coprobacillus,Dialister,Dorea,Escherichia,Eubacterium,Faecalibacterium,Haemophilus,Lactobacillus,Parabacteroides,Roseburia,Ruminococcus,Streptococcus,Veillonella,,
5001-01,5001,1,0,0,0.004514608,0.003969628,0.002354059,0,0,0,0,0.404910953,0,0,0.217111081,0,0,0,0,0.141023005,0.226116667,,
5001-02,5001,2,0,5.24E-05,0.002345168,0.020960536,0.21284278,0,0.024687361,0,0,0.216637623,0,0,0.443988307,0,0,0,0,0.013989504,0.064496313,,
5001-03,5001,3,0,1.41E-05,0.00020862,0.01055937,0.20935929,0,0.01585776,0,0,0.421703345,0,0,0.169734413,0,0,0,6.27E-05,0.026215461,0.146284979,,
5001-04,5001,4,0,1.95E-05,7.69E-05,0.008691977,0.173799976,0,0,0.002164585,0,0.521013466,0,0,0.097884744,0.000860695,0,0,0,0.07138222,0.124105903,,
5002-01,5002,1,0,1.41E-05,0.732645555,0.013773989,0.041851256,0,0.004917262,0,0,0.008668607,0.003961764,0.085741725,0.01909141,0,0.00022177,0,0.050236467,0.003966325,0.034909782,,
5002-02,5002,2,0,7.78E-06,0.598150234,0.038788608,0.030926387,0,0.003232179,0.020545088,3.98E-05,0.010653546,0.010086135,0.212320075,0.020380982,0.000179554,0.000284115,0,0.046253559,0.003570314,0.004581649,,
5002-03,5002,3,0,0.000174214,0.069871553,0.000417634,0.161045986,0,0.064893142,0,0,0.121842806,0,0.124737105,0.162526178,0,0,0.00511006,0.181953502,0.001892727,0.105535094,,
5002-04,5002,4,0,0.000657311,0.046085234,0,0.111756533,0.000751181,0.046656922,0.000309502,0,0.469240029,0,0.091695147,0.130731625,0,0,0,0.064587067,0,0.037529448,,
5003-01,5003,1,0,0.337185632,0.219625186,0.000915686,0.001943242,0.328169319,0,0,0.01106703,5.54E-05,0.002545083,0.054474616,2.80E-05,0,0.002940555,0.001666339,0.013573916,0.025671433,0.000138556,,
5003-02,5003,2,0,0.364713154,0.260106795,0.08190862,0.009705015,0.121044905,0,0,0.011038337,0.001705832,0.006901096,0.059825823,0,0.00349781,0.011937065,0.001352012,0.019616693,0.046606779,4.01E-05,,
5003-03,5003,3,0,0.175584073,0.59592388,0.036040616,0.000349985,0.027624746,0,0,0.001186031,0.000573837,0.000303814,0.129278016,0.000492861,5.04E-05,0.022186842,0.004791108,0.004682936,0.000555064,0.000375759,,
5003-04,5003,4,0,0.099447137,0.582241899,0.146950072,0.005266999,0.065930888,0,0,0.004646328,0.002468226,0.01739832,0.039407402,6.92E-05,0.000461942,0.010769982,0.00729513,0.008562119,0.009064587,1.97E-05,,
5006-01,5006,1,0,0.038756013,0.870865234,7.15E-05,0.005703567,0,0,0.022220196,0,0.004946259,0.002052549,0.039943748,0,0.002356183,0,0,0.008462463,0.004622321,0,,
5006-02,5006,2,0,0.061045202,0.894641125,0,0.017083731,0,0,0.01008008,0,0,0.000463624,0.003287549,0,0.009630384,0,0,0.001473635,0.002294671,0,,
5006-03,5006,3,0,0.168748251,0.582984527,0.014149606,0.006647674,0,0,0.000756612,8.37E-05,0.000783703,0.000340349,0.201263264,5.67E-05,1.90E-05,0,2.74E-05,0.000605896,0.023433545,9.98E-05,,
5006-04,5006,4,0,0.061726424,0.843782823,0.008578193,0.003587066,0,2.31E-06,0.005838947,0.000126912,0.00016125,0.002840756,0.066035602,0,0,0,0.003569696,0.003697913,5.21E-05,0,,
5007-01,5007,1,0,0.007241459,0.420543467,0.371845566,0.007282793,0.023214627,0.000149912,0.046281359,0,0.003271858,0.001634215,0.10482407,0.000354668,0.000352248,0.000250022,4.19E-05,0.007835361,0.001808626,0.003067808,,
5007-02,5007,2,0,0.015227265,0.294626824,0.359608205,0.003385392,0.027640235,2.84E-05,0.018723251,0,0.016039594,0.001061013,0.25512568,0,5.67E-05,0.000229849,0,0.007850734,0.000219173,0.000177675,,
5007-03,5007,3,0,0.027802295,0.869632902,0.009856859,0.001978608,0.001950591,0,0.012941322,0,0.000502387,5.52E-05,0.070186203,0.000317557,0,0.00026112,0.001410916,0.001954118,7.76E-06,0.001142136,,
5007-04,5007,4,0,0.051231704,0.04849181,0.375431072,0.010801678,0.102379641,0,0.004062318,0.00033693,0.027712328,0.198636842,0.058479141,0,0,0,0.016235367,0.088014634,0.018186537,0,,
5015-01,5015,1,0,0.173512541,0.61959664,0,0.000520038,0.001347164,0,0.011772284,0.001095282,0.000238054,0.015435952,0.108911553,0.000713311,0,0.062567957,0,0.003908529,0.000380695,0,,
5015-02,5015,2,0,0.198342576,0.208637567,0.00010904,0.001034916,0.001711428,0,0.006774233,0.000119873,0.255067032,0.065962157,0.19072822,0,0,0.067937123,0,0.003575835,0,0,,
5015-03,5015,3,0,0.182743985,0.546914107,0.001812968,0.000221149,0.000988079,0,0.028128024,0.000738978,0.000182612,0.07620198,0.057926071,0.001072345,0,0.100613739,2.80E-05,0.001706401,0.000603226,0.000118384,,
5015-04,5015,4,0,0.458483428,0.209131586,0.02063007,0.000272569,0.001931988,0,0.013358814,0.000329642,0.008328352,0.017328783,0.183064522,0,0,0.083719265,0.001566676,0.001813426,4.09E-05,0,,
5016-01,5016,1,0,0,0.025394537,0,0,0,0,0,0,0,0,0,0,0.151183544,0,0,0,0.823421919,0,,
5016-02,5016,2,0,0,0.001195283,0,2.75E-05,0,0,0,0,0,0,0,0,0.919864972,0.000129605,0,0,0.078782627,0,,
5016-03,5016,3,0,0,0.000156643,0.156350341,0.783341953,0,0.000440022,0,0,0.029365072,0,0,0,0.005289755,8.32E-05,0,0.001798245,0.017992139,0.005182611,,
5016-04,5016,4,0,0,0.010001765,0.072195222,0.036713728,0,0,0,0,0.019956444,0,0,0.000101274,0,0.826218197,0,0.019627456,0.014230611,0.000955303,,
5022-01,5022,1,0,0.000182133,0.220126289,0.488942122,0,0.060911353,1.78E-05,0.000158947,0.030540743,0.009285719,0.038480755,0.122924249,0.000454366,0.003015411,0.009414565,0,0.004242239,0.01129162,1.17E-05,,
5022-02,5022,2,0,0.088982773,0.587895498,0.167305252,0,0.00970709,0,0.00594269,0.00454174,0.001533656,0.010954714,0.094049477,0.000820598,0.007386594,0.015367488,0,0.000404791,0.004382048,0.000725591,,
5022-03,5022,3,0,0.064408085,0.056383725,0.385127918,0,0.046910319,0,0.348825717,0.009999513,0.00301314,0.011041287,0.058880072,0,0.000141148,0.001790401,0,0.012293912,0.000972172,0.000212592,,
5022-04,5022,4,0,0.041210616,0.321978853,0.324814508,0.099931002,0.036136121,7.53E-05,0.09445292,0.009467119,0.002241577,0.042988996,0.008692182,0,0.000699612,0.004814054,0.001567614,0.007993888,0.002893745,4.19E-05,,
5029-01,5029,1,0,0.00017896,0.00105233,0.031219971,0.05550359,0,0.001444903,0.01473388,0,0.014029552,0,0.000277103,0.01317442,0,0,0.523153207,0.0668378,0.010006144,0.26838814,,
5029-02,5029,2,0,0.000357408,0.001604004,0.034980537,0.24869366,0,0.00040773,0.060335177,0.00014301,0.009172759,0.000304744,0.001033369,0.022973327,0,0,0.543949782,0.007299354,0.014416844,0.054328295,,
5029-03,5029,3,0,0.000119861,0.000584711,0.030457106,0.069000795,0,0.00174823,0.043825186,0,0.000486526,0.098301785,0.229436646,0.005529481,0,0,0.379996907,0.035246389,0.030233694,0.075032683,,
5029-04,5029,4,0,0.000125065,0.000789639,0.041736164,0.126121556,0,0.000280522,0.051119668,0,0.001222666,0.062354662,0.509018639,0.023475212,0,0,0.086608799,0.028577744,0.024849946,0.043719717,,
5030-01,5030,1,0,0.002385809,0.287260901,0.083456607,0.009487942,0.173656191,0,0.00521255,0.081022176,0.014689171,0.047784206,0.089785136,0.022851483,0,0,0.11601852,0.031089003,0.01426896,0.021031346,,
5030-02,5030,2,0,0.000204266,0.289714122,0.179305319,0.004972029,0.047691739,0.002239007,0.103631579,0.044289066,0.000240612,0.100552564,0.100580077,0.000595945,0.000493812,0,0.086525421,0.01588574,0.020655838,0.002422867,,
5030-03,5030,3,0,0.001392526,0.469243379,0.052905881,0.042294515,0.042901597,0.002547579,0.060537368,0.033694007,0.000664764,0.107374878,0.03587392,0.003328727,0,0,0.130971431,0.008526975,0.006710738,0.001031713,,
5030-04,5030,4,0,0.010246317,0.559355922,0.071004196,0.004898158,0.028304242,0.000248114,0.049679794,0.01474271,0.000795792,0.07791138,0.10436296,0.003221256,0.000806947,0,0.060181359,0.011297157,0.002570573,0.000373125,,
5031-01,5031,1,0,0.003303539,0.004689853,0.000428893,0,0,0,0,0,0,0.000887025,0.000561104,0.000119499,0.786170965,0.00036533,2.54E-05,0,0.203448368,0,,
5031-02,5031,2,0,0.002917371,0.004643637,0,0,0,0,0,0,0,0.001596418,0.000227338,0,0.783946393,0.00031308,0,0,0.206355764,0,,
5031-03,5031,3,0,0.000380332,0.000540172,0,0,0,0,0,0,3.33E-05,6.80E-05,1.60E-05,0,0.915137686,3.41E-05,0,0,0.083790443,0,,
5031-04,5031,4,0,0.001053714,0.001164796,2.66E-05,0,0,0,0,0,0,0.000325459,0.000149047,0.175877326,0.605675605,0.000143206,2.60E-06,0,0.215581642,0,,
5032-01,5032,1,0,0.18090487,0.573778422,0,0,0,0,0,0,0,0.033634487,0,0,0.21168222,0,0,0,0,0,,
5032-02,5032,2,0,0.004590345,0.624242403,0.011798654,0.009993028,0.02169127,0,0,0,0,0.106515193,0.039294463,0.004388155,0.003444494,0.000140577,0.090315242,0.083586177,0,0,,
5032-03,5032,3,0,0.206154221,0.277311628,0,0,0,0,0,0,0.020910302,0.09817331,0.045799005,0,0.338362534,0.013289001,0,0,0,0,,
5032-04,5032,4,0,0.211968265,0.379518611,0.00398594,0.00191483,0.001177808,0,0.018072402,0.004281463,0.000443438,0.178697287,0.098482417,0.001069269,0.000252985,0.092759145,0.002896065,0.003688785,0.000332961,0.000458331,,
5033-01,5033,1,0,0.325833555,0.405017609,0.008040995,0.023054342,0.007592822,0,0.014885777,0.00107464,0.01930774,0.062411355,0.111092792,8.29E-05,0.000236437,0.015963263,0.001423807,0.000746007,0.003149411,8.65E-05,,
5033-02,5033,2,0,0.309838763,0.518818363,0.000657518,0.01493507,0.008120918,0,0,0.00499258,0.056975356,0.020512076,0.032406497,0.000118519,0.000232443,9.24E-05,0.013607274,0.017253888,0.001438351,0,,
5033-03,5033,3,0,0.057285854,0.783104311,0.000821004,0.025250832,0.042536245,0,0,0.01558081,0.026669619,0.031328909,0.003921477,0,0.000867749,6.87E-05,0.001791126,0.010647413,0.000125998,0,,
5033-04,5033,4,0,0.302787,0.268325468,0.040318589,0.015560652,0.012656086,0,0.021158713,0.007635195,0.002789672,0.182438046,0.065251246,0,0.000285393,0.024855629,0.050333974,0.004664528,0.000939808,0,,
5034-01,5034,1,0,0.191530126,0.660759096,0.003716641,0.003666358,0.002002768,0,0.01018785,0.001201905,0,0.065927002,0.019603483,0.000269596,0,0.01326443,0.025499643,0.002032227,0,0.000338874,,
5034-02,5034,2,0,0.225045935,0.216049985,0.019752253,0.032219288,0.149116181,0.000517868,0,0.040233938,0.026892588,0.158891707,0.05111408,0,0,0,0.011187493,0.056601364,0.012377322,0,,
5034-03,5034,3,0,0.123782911,0.033626157,0.00876479,0.024267544,0.088212701,0,0,0.049432721,0.115339915,0.3156799,0.211831394,0,0,0,0.009556861,0.016696532,0.002808575,0,,
5034-04,5034,4,0,0.009101952,0.367822709,0.130900078,0.002404206,0.111836348,0,0,0,0.00627296,0.207503569,0.142238536,0,0,0,0.018539537,0.003380106,0,0,,
5035-01,5035,1,0,0.005386657,0.492331164,0.121559173,0.035485926,0.15635058,0.006203475,0.004284947,0.005231575,0.000597085,0.046665619,0.048400851,0.005637853,0,0.007475085,0.002668057,0.016897016,0.044155182,0.000669754,,
5035-02,5035,2,0,0.004317631,0.133222366,0.157778866,0.02808975,0.21205347,0.005161704,0.002054076,0.002867849,0,0.124115728,0.077562823,0.002750586,0,0.000906593,0.020393706,0.020853466,0.139202691,0.068668693,,
5035-03,5035,3,0,0.003955026,0.163533707,0.235918255,0.030488538,0.11442322,0.003451278,0.094657562,0.002553297,0,0.133935695,0.086967547,0.000102966,9.46E-05,0.000706456,0.023575806,0.024371527,0.076789824,0.004474692,,
5035-04,5035,4,0,0.004717523,0.169484581,0.123628199,0.01148264,0.053699819,0.006179369,0.012899211,0.003559567,5.41E-05,0.31792697,0.089216661,0.007885378,0,0.002219702,0.12844557,0.00744172,0.048282248,0.012876775,,
5040-01,5040,1,0,0.015329603,0.927976137,0.002224296,0.007622015,0,0.000901375,0.015558834,0.000125701,4.27E-05,0.0041691,0.006327887,0,0,1.37E-05,0,0.019490075,0.000218497,0,,
5040-02,5040,2,0,0.011841813,0.407608999,0.070550294,0.047138883,0,0.007294663,0.109098952,0.001215058,0.001535945,0.059022591,0.242363631,0,0,0,0,0.034700169,0.00761442,1.46E-05,,
5040-03,5040,3,0,0.08539629,0.529293446,0.163998834,0.027086114,0,0.007807891,0.008430401,0.000602923,0,0.035428374,0.110917847,0,0,0.000113771,0,0.018506103,0.012418007,0,,
5040-04,5040,4,0,0.014078353,0.253337763,0.079134145,0.058771922,0,0.007034324,0.273192068,0,0,0.036178558,0.247978336,0,0,0,0,0.024736649,0.005557883,0,,
5041-01,5041,1,0,0.25141367,0.229487877,0.150581869,0.015345742,0.034528153,0.002734314,0.104111873,0.03381083,0.003539505,0.042552859,0.104871828,0.000396081,0,0,0.000151449,0.018841469,0.00580686,0.001825621,,
5041-02,5041,2,0,0.128003764,0.693234149,0.04152087,0.008501739,0.006297558,0.00043114,0.013975906,0.013683376,0.000574751,0.035603825,0.050241342,0,0,3.98E-05,0.000370409,0.005375058,0.002146308,0,,
5041-03,5041,3,0,0.06177412,0.207294431,0.364034649,0.011939265,0.008351582,0.000867039,0.026300357,0.067997355,0.000205875,0.054686359,0.165612401,0.000381501,0.000674352,0.000104246,0.001413491,0.011246701,0.014781005,0.00233527,,
5041-04,5041,4,0,0.124148098,0.500849951,0.099543021,0.023069149,0.018205252,0.001099243,0.064342459,0.02421348,0.004067276,0.032701855,0.045678907,0.000211901,0.000105678,0.000306116,0.000103167,0.053404286,0.007254524,0.000695638,,
5042-01,5042,1,0,0.229190358,0.400140856,0,0.037986293,0.038359193,3.88E-05,0.102918837,0.015374562,0.001620484,0.006760008,0.046205418,0.000297194,0.000100462,0.043024438,0.002583056,0.056593703,0.018109424,0.000696945,,
5042-02,5042,2,0,0.255650942,0.150243564,0,0.011099908,0.01180177,0,0.208210896,0.017004852,0,0.126520449,0.027530205,0.000151273,0.0003988,0.014139034,0.025306203,0.146520745,0.005385538,3.58E-05,,
5042-03,5042,3,0,0.193373531,0.156600762,0,0.000757063,0.004455836,0,0.095141318,0.011973797,0,0.451643683,0.02820761,1.06E-05,0,0.017101083,0.012866008,0.023834835,0.003823481,0.000210437,,
5042-04,5042,4,0,0.18202811,0.150609698,0,0.027236704,0.02554965,3.30E-05,0.260652093,0.06545511,0.000613484,0.02537458,0.039778521,0.002445498,0.000402261,0.040038445,0.002433637,0.15830192,0.015792749,0.003254581,,
5044-01,5044,1,0,0,0.134657028,0.109095698,0.064183575,0,0.011874986,0.278035748,0,0,3.00E-05,0.000120927,0.00090823,0,0.002721375,0,0.182009638,0.21214822,0.004214598,,
5044-02,5044,2,0,0,0.180555558,0.091567729,0.074778286,0,0.006626176,0.357935578,0,0,0,0.000275653,0.03226746,0,0.005955548,0,0.120146599,0.114210937,0.015680476,,
5044-03,5044,3,0,0,0.070390562,0.372166218,0.018324959,0,0.127003513,0.00092718,0,0,0,0.001464367,0,0.070062216,0.012350468,0,0.22088572,0.106424798,0,,
5044-04,5044,4,0,0,0.539157452,0,0,0,0,0,0,0,0,0.032224891,0,0,0.428617657,0,0,0,0,,
5045-01,5045,1,0,0,0.949651356,0.01053428,0.000395365,0,0,8.37E-05,0.000703495,0,0.005570909,0.0241269,0.001230415,4.61E-06,0.002122719,0.003814777,0.000402184,0.001062663,0.000296599,,
5045-02,5045,2,0,0,0.884551911,0.018063121,0.000214308,0,0,7.33E-06,0.001218295,5.92E-05,0.004630061,0.042916953,0.006347037,0.00022535,0.001743475,0.002434381,0.000252854,0.036280023,0.001055681,,
5045-03,5045,3,0,0,0.9071496,0.020199988,0.005151411,0,0,0,0.000914831,0.010112645,0.008898795,0.018380768,0.001125792,0,0.000988632,0.001101794,0.021817184,0.003500377,0.000658184,,
5045-04,5045,4,0,0,0.553833192,0.048129599,0.041086417,0,0,0.032317531,0.00922859,0.043530822,0.027793804,0.060105495,0,0.000193896,0.001897863,0.010075438,0.161934679,0.0097322,0.000140474,,
5046-01,5046,1,0,0.219391115,0.276822947,0.129189106,0.005014701,0.016515679,0,0.030792794,0.003837522,0.000295536,0.067057769,0.223936641,0.000189056,0.000754052,0.001130199,6.53E-05,0.004716991,0.019947977,0.000342619,,
5046-02,5046,2,0,0.092969688,0.628974505,0.038025086,0.005903242,0.003320186,0,0.083123527,0.009005513,0.000485353,0.046213441,0.056150612,0.001090289,0.000231847,0.016882909,0.004715028,0.002638476,0.009977134,0.000293164,,
5046-03,5046,3,0,0.21622447,0.105784376,0.18393437,0.002512132,0.012428656,0,0.002834689,0.007819547,0.000175837,0.022539021,0.424863773,0.000280269,0,0.009799024,0.001267796,0.002739722,0.006250596,0.000545722,,
5046-04,5046,4,0,0.008648139,0.008817881,0.497500529,0.001662996,0.098135843,0,0.001039917,0.000597779,0.127285142,0.001125566,0.025160617,0.003691606,0.004102534,0.00171536,0.000715053,0.012081762,0.204134574,0.003584701,,
5047-01,5047,1,0,0.000145316,0.001051137,0.072065003,0.182915214,0,2.81E-05,4.60E-05,3.76E-05,0.006313584,0.000140983,0.003799881,0.009341229,0.042363153,0,0.274663612,0.117721492,0.205066128,0.084301561,,
5047-02,5047,2,0,0.000147363,0.000468913,0.003466511,0.263191868,0,0.00027281,0,0.000196674,0.006378842,0,0.000476904,0.01583039,0.005164895,0,0.000198272,0.548436931,0.084944995,0.070824631,,
5047-03,5047,3,0,5.81E-05,0.000720749,0.010982086,0.089615432,0.02023704,0.002311508,0.039729647,0.000101784,0.000307775,0,0.369492943,0.002830011,0.004137229,0,0.377509416,0.055595267,0.022190431,0.00418063,,
5047-04,5047,4,0,0.7737752,0.001148834,0.044470995,0.034996535,0.01089972,0.000414346,0.054098534,0,0.009192145,0.037602571,0.014822536,0.000212251,0,0,0.010046595,0.002565411,0.005717382,3.69E-05,,
5048-01,5048,1,0,0.000184274,0.733831534,0.006854113,0.198812396,0,0.000958182,0.001131391,0,0.025483336,0,0.000635238,0.008509164,0,0,5.81E-05,6.08E-05,0.002018635,0.021462819,,
5048-02,5048,2,0,2.01E-05,0.863068759,0.022001488,0.004731286,0,0.000100163,0.029990229,0.001121829,0.000161386,0.008322755,0.061565696,6.70E-05,0,0,0.003583394,0.003880307,0.000961875,0.00042365,,
5048-03,5048,3,0,0.00023239,0.316756639,0.087546616,0.003130249,0,2.60E-05,0.035554079,0.012890843,0.001074139,0.01704601,0.360348585,0.000115345,0,0,0.148128123,0.011071801,0.002916888,0.003162248,,
5048-04,5048,4,0,7.11E-05,0.040962493,0.059779448,0.009236714,0,0,0.152657257,0.024236468,0.000780429,0.062598176,0.502371462,0,0.000609732,0,0.075299826,0.065545739,0.00473185,0.001119282,,
5049-01,5049,1,0,0.008419266,0.142608857,0.254402949,0.037807091,0,0,0,0,0.215675658,0.01146357,0.021105677,0.072855688,0.050510686,0.002492675,0,0.032499461,0.074390639,0.075767783,,
5049-02,5049,2,0,0.000452754,0.006668947,0.432278479,0,0,0,0,0,0.245790311,0.000421715,0.001180086,0.002086191,0.226491403,0.000168925,0,0,0.08446119,0,,
5049-03,5049,3,0,0.000621642,0.015267825,0.428299271,0,0,0,0,0,0.31027845,0.000665819,0.002722789,0.030696686,0.106029579,0,0,0,0.105417939,0,,
5049-04,5049,4,0,0.024349125,0.341015794,0.337193932,0,0,0,0,0,0.099380581,0.046246917,0.083014625,0.025104954,0.002099946,0.01253709,0,0,0.029057036,0,,
5050-01,5050,1,0,5.02E-05,0.976334522,0,0.005919014,0.001704504,0,0,0.000918879,0.00033575,0.001433083,8.97E-05,0.000255286,0,0.01036295,0,0.002359335,0.000151953,8.48E-05,,
5050-02,5050,2,0,3.97E-05,0.932085537,1.99E-05,0.014906847,0.003956004,0,0,0.001986521,0.010505067,0.003238536,0.000131939,0,0,0.029008607,0,0.00390451,0.000216867,0,,
5050-03,5050,3,0,2.76E-05,0.976779801,2.33E-05,0.003022453,0.000164527,0,0,3.18E-05,0.000544891,0.000240558,0.000116436,0,1.34E-05,0.018394598,6.25E-05,0.000481116,9.70E-05,0,,
5050-04,5050,4,0,0.00019366,0.961191402,0,0.007181575,0.002830815,0,0,0.0012233,0.000176745,0.001625072,0.000351028,0,0,0.017185937,0,0.007865647,0.000174818,0,,
5052-01,5052,1,0,0.213047944,0.254394084,0.008465967,0.00348211,0.006464279,0.001143699,0.05622516,0.005416817,0.000269742,0.06475918,0.311716004,0.000780613,5.25E-06,0.031905049,0.026876181,0.01178068,0.003018607,0.00024863,,
5052-02,5052,2,0,0.103751243,0.534946052,0.012055622,0.00601414,0.005218319,0.00092099,0.025379255,0.000627404,0.000140139,0.205368272,0.060871933,0.000828777,1.41E-05,0.020077975,0.004405137,0.016042004,0.003321968,1.66E-05,,
5052-03,5052,3,0,0.108425192,0.539286857,0.005760429,0.000624242,0.004343327,0.000358705,0.005299803,0.000404455,0.002331267,0.127341806,0.104762695,0.003771297,0,0.080178193,0.005050732,0.011802653,0.000204051,5.43E-05,,
5052-04,5052,4,0,0.087325975,0.227468119,0.00452291,0.000301019,0.003488549,0.000286911,0.003381138,0.000863203,0.000640657,0.223015443,0.385196565,0.001569976,2.57E-05,0.053556513,0.001443204,0.006771235,0.000142837,0,,
5053-01,5053,1,0,1.71E-05,0.000941763,0.029150961,0.001567663,0,0.002916764,0,0,0.950597829,0,1.62E-05,0,0.000201352,0,0,0.002624598,0.009866799,0.002099043,,
5053-02,5053,2,0,0.001784634,0.024338921,0.349816521,0.000522747,0,0.048272856,0.002448493,5.12E-05,0.380817936,0.000201938,0.001024366,0.000541317,0.000894374,0,6.08E-05,0.028957019,0.127729159,0.032537741,,
5053-03,5053,3,0,0.018814119,0.17196821,0.218973218,0.009167745,0,0.067707557,0.010403995,0.002345339,0.275710175,0.000584725,0.010998107,0,0.004630426,0.000822675,0.001860051,0.049907238,0.133836565,0.022269856,,
5053-04,5053,4,0,4.40E-05,0.916151052,0.0183398,0.020407316,0,0.002417781,0,0,0.012897782,0,5.53E-06,0.000121814,0,0,0.010785238,0.004471126,0.003787884,0.010570657,,
5054-01,5054,1,0,0.000582987,0.040064008,0.004217582,0.045480623,0,0.061286981,0,0,0.344382262,0,0,0.1021658,0.029988739,0,0,0.000368499,0.090006535,0.281455983,,
5054-02,5054,2,0,0.001153274,0.014018454,0.024135302,0.253545054,0,0.044181781,0.000186573,0,0.227349067,0,0,0.004660788,0.29797431,0,0.003093443,0.000156606,0.010116526,0.119428821,,
5054-03,5054,3,0,0.000876403,0.011070146,0.005987046,0.003218987,0,0.000948392,0.000363933,0,0.183395825,0,0.000160313,0.001838091,0.147663874,0,0,0.000309799,0.010569263,0.633597926,,
5054-04,5054,4,0,0.000459924,0.005384317,0.008443905,0.003832114,0,0.043438945,0,0,0.093572051,0,0,0.005219831,0.096729377,0,0,0,0.000112994,0.742806542,,
5055-01,5055,1,0,0.004619861,0.024907255,0.004073084,0,0,0,0.000103749,0,0,0,0.013889061,0,0.766937156,0,0.001477049,0.00518629,0.178806494,0,,
5055-02,5055,2,0,0.000468877,0.003530083,0.000605662,0,0,0,0,0,0.000495195,0.000459873,0.000867457,0,0.902947657,9.77E-05,0,4.16E-05,0.090485987,0,,
5055-03,5055,3,0,0.000684672,0.00872882,0.314711029,0,0,0,0,0,0.002553505,0,1.78E-05,0,0.518007769,0,0,0.001288992,0.153633545,0.000373916,,
5055-04,5055,4,0,0.000200525,0.001559642,0.436515219,0,0,0,0,0,0.000489145,0.000297189,0.000259483,0.01120611,0.056804202,0,0,0.462117678,0.030550807,0,,
5056-01,5056,1,0,0.105499871,0.612328539,0.000226724,0.055069608,0,0.013633493,0.01126508,0,0.003038457,0,0,1.71E-05,0.000877249,0,0,0.19517972,3.19E-05,0.002832306,,
5056-02,5056,2,0,0.122327032,0.705086633,0.000384514,0.06763736,0,0.015287146,0.026190567,0,0.003635046,3.67E-05,0.000340249,0.000249736,0,0,0,0.05620368,0.001849896,0.000771407,,
5056-03,5056,3,0,0.396215746,0.490383352,5.94E-05,0.071546827,0,0.008656813,0.018125983,0,0.008546887,0,0,0,0,0,0,0.00549273,0.000937031,3.52E-05,,
5056-04,5056,4,0,0.22460244,0.534315014,0.000321535,0.124328044,0,0.00485201,0.079755004,0,0.001986475,0,0.000253768,0,0,0,0,0.021250988,0.008312533,2.22E-05,,
5057-01,5057,1,0,0.000251901,0.007852336,0.488184141,0.008702696,0,0,0.000151766,0,0.000246424,0,0.000231952,0,0.262834414,0,0,0.007690791,0.211924677,0.011928901,,
5057-02,5057,2,0,0.000119098,0.000960548,0.172260562,0.269483495,0,0,0,5.64E-05,2.89E-05,0,6.16E-05,0.000813074,0.024467525,0.000357293,0,0.204840605,0.018217694,0.308333149,,
5057-03,5057,3,0,0,0,0.690757862,0.000299405,0,0,0,0,0.001075831,0,0,0.007922362,0.079998073,0,0,0.000719361,0.217335324,0.001891782,,
5057-04,5057,4,0,0.000616098,0.00724305,0.480824523,0.001101921,0,0,0.000650953,0,0.001231483,0.000254267,0.000488393,0,0.277490164,0.00068038,0,0.003494034,0.223475338,0.002449395,,
5058-01,5058,1,0,0.023978724,0.19400854,0.008314178,0.003393893,0.013977006,0.001195306,0,0.013033031,0.031078577,0.107644234,0.392431226,0.104041546,9.80E-05,0.026739892,0.002006969,0.028946454,0.029536438,0.019576029,,
5058-02,5058,2,0,0.062223689,0.326540516,0.013560263,0.000997646,0.008881355,0,0.000454328,0.000259858,0.427174372,0.002318505,0.035521353,0.03068592,1.43E-05,0.011750745,0.001019894,0.002154301,0.017403809,0.059039104,,
5058-03,5058,3,0,0.073130552,0.297086168,0.005050966,0.007678205,0.005594923,0.000299825,0,0.005915685,0.095352793,0.044225894,0.306089718,0,0,0.125453821,0.000591275,0.030686022,0.002152377,0.000691775,,
5058-04,5058,4,0,0.080472413,0.608577311,0.021943118,0.008629752,0.005072993,0.001571674,0,0.031433834,0.035601488,0.11381091,0.032771499,0.000185232,9.61E-05,0.039681344,0.004951885,0.008041935,0.002335204,0.004823282,,
5060-01,5060,1,0,0.001151733,0.00879287,0.960415981,0.000644086,0,0.001467369,0,0,0.008071661,0.001108182,0.00129906,0.002762573,0.000192012,0,0.000853451,0,0.00316928,0.010071742,,
5060-02,5060,2,0,0.000619515,0.002995793,0.224998193,0.001012551,0,0.000305902,0,0,0.043510599,0.000736501,0.000683516,0.008405096,0.10640815,1.41E-05,0.000536458,0.000165784,0.406953619,0.202654222,,
5060-03,5060,3,0,0.000269605,0.002018646,0.008078935,0.068986832,0,0.025812347,0,0,0.006146481,0.000551855,0.000862027,0.003168083,0.004682017,0,0.554135964,0.091082984,0.214144221,0.020060005,,
5060-04,5060,4,0,0.000357915,0.001560511,0.047578018,0.047720447,0,0.007841928,0,0.002074015,0.006512693,0.090162378,0.303532941,0.000533189,0.004453837,0,0.077079199,0.125731806,0.246340788,0.038520335,,
5062-01,5062,1,0,0.003272093,0.021032573,0.000876268,0.001024989,0,0.000100769,0,0,0.001053828,0.001916525,0.001693047,0,0.96143099,0,0.001048852,0.003900454,0.002351492,0.000298121,,
5062-02,5062,2,0,0.012303582,0.128905076,0.000961923,0.0039499,0,0.001823944,0.002694606,0,0.00314872,0.001997823,0.001903105,0,0.809355889,0.000711763,0.000966417,0.00644666,0.024830592,0,,
5062-03,5062,3,0,0.221312253,0.67050078,0.001909208,0.034386672,0,0.006648851,0.011040457,0,0.004749315,0.008294217,0.018779242,0,0.008624971,0.001879716,0.003568051,0.002235205,0.006071062,0,,
5062-04,5062,4,0,0.008585263,0.03643291,0.122921145,0.002480794,0,0.002017989,0.002556358,0,0.002122196,0.003596351,0.004263612,0.004058968,0.059083043,5.20E-05,0.002257871,0.001717995,0.747110105,0.00074339,,
5064-01,5064,1,0,0.054981618,0.655882973,0.019313342,0.010489388,0,0.004030173,0,0.019559654,0,0.001528498,0.002144811,0,0,0.027767188,0.001463556,0.201317457,0.001521342,0,,
5064-02,5064,2,0,0.172551594,0.570039877,0.028207444,0.033388679,0.009504106,5.32E-05,0.000186715,0.043892294,0,0.007108874,0.035198865,0.000158587,0,0.058964977,0.004026164,0.001813311,0.034691146,0.000214137,,
5064-03,5064,3,0,0.163076073,0.697521646,0.007132941,0.004371501,0.002457822,0,0.00010933,0.023448813,5.85E-05,0.005085157,0.017475374,0,6.59E-05,0.046416273,0.028653631,0.001440851,0.002686212,0,,
5064-04,5064,4,0,0.220541316,0.307121438,0.075619424,0.006469748,0.048698214,0,0.000185677,0.037637544,0,0.114002913,0.104405296,0,0,0.066606866,0.000114543,0.010652788,0.007752183,0.000192052,,
5065-01,5065,1,0,0.000160227,0.790947048,0.01515601,0.026914555,0,0.000244303,0.03633642,0.003789855,0.006909307,0.102566986,6.09E-05,0,9.60E-05,2.81E-06,0.000236678,0.013869582,0.000508973,0.002200331,,
5065-02,5065,2,0,0.000277224,0.06030614,0.376665325,0.061601543,0,0.013067452,0.000819105,0.011020006,0.011045141,0.06811383,0.000117437,0,0.018861385,0,0,0.264283595,0.11363151,0.000190308,,
5065-03,5065,3,0,0.000309,0.562130232,0.029963223,0.107583133,0,0.005115934,0.046393394,0.000781138,0.014771505,0.090465862,0.000143103,0.000146578,0,0,0,0.130411646,0.011203538,0.000581714,,
5065-04,5065,4,0,0.000828584,0.702523828,0.051026845,0.081962362,0.000303051,0.000794537,0.033281605,0.000644443,0.001016611,0.00723498,0.000595571,0.003144101,0.00277132,9.64E-05,6.02E-05,0.074574425,0.038571191,0.000569907,,
6002-01,6002,1,1,0,0.054655221,0,0.016539394,0,0,0,0,0,0.035804374,0,0,0.016688694,0.00361137,0.019022392,0.045135558,0.805445863,0.003097135,,
6002-02,6002,2,1,0,0.264953491,0,0.108602194,0,0.001140955,0,0,0,0.213943841,0,0,0.005685819,0,0.10947336,0.273442043,0.000634547,0.02212375,,
6002-03,6002,3,1,0,0.021864285,0.236893018,0.013756593,0,0,0,0,0,0.017782074,0,0,0.011782582,0,0.010126803,0.019652738,0.064152163,0.603989745,,
6002-04,6002,4,1,0,0.180686309,0.000481701,0.070053869,0,0,0,0,0,0.154358282,0,0,0.070255074,0,0.091403877,0.186658437,0.180404702,0.065697749,,
6003-01,6003,1,0,0,0.007759891,0.019806654,0.01345447,0,0,0,0,0,0.005043767,0,0,0.585171248,0,0.002420348,0.00607982,0.138602789,0.221661014,,
6003-02,6003,2,0,0,0.017652774,0.000377274,0.42485329,0,0,0,0,0,0.012262164,0,0,0.043764903,0,0.006357961,0.271482651,0.218741672,0.00450731,,
6003-03,6003,3,0,0,0.000806755,0.00052539,0.110238775,0,0.021349224,0,8.67E-05,0,0.237124746,0,0.001945202,0.000424533,0,0.187909453,0.41905086,0.017499407,0.003039003,,
6003-04,6003,4,0,0,0.00082178,0.002078744,0.083902906,0,0.017500769,0,0,0,0.53855803,0,0.00055778,0,0,0.164025739,0.126229143,0.001325931,0.064999178,,
6005-01,6005,1,1,0,0.896449137,0.002066144,0.048311694,0,0.000248285,0,0,0.019057138,5.92E-05,0,0,0,0.000587539,2.80E-05,0.033192798,0,0,,
6005-02,6005,2,1,0,0.9112234,8.83E-05,0.064538182,0,0.001913657,0,0,0.012152881,0.000282085,0,0,0,0.000383952,0.000171112,0.009246472,0,0,,
6005-03,6005,3,1,0,0.680535934,0.00196871,0.111353203,0,0.005281701,0,0,0.003889957,0.000465386,0,0,0,0.000683128,0.000118604,0.195616079,8.73E-05,0,,
6005-04,6005,4,1,0,0,0,0.8585463,0,0,0,0,0,0,0,0,0,0,0,0.1414537,0,0,,
6006-01,6006,1,0,0.053637553,0.838945222,0,0,0,0,0,0,0,0,0,0.019882551,0,0,0,0,0,0.087534674,,
6006-02,6006,2,0,0.292804773,0.112179011,0,0.093422506,0,0,0,0,0,0.011479649,0.039760895,0.078948868,0,0.009153888,0.078921078,0,0,0.283329332,,
6006-03,6006,3,0,0.026560003,0,0,0.104843071,0,0,0,0,0,0,0.002372265,0.022635844,0,0,0.006982569,0.024506273,0,0.812099975,,
6006-04,6006,4,0,0.376010255,0.390046305,0,0,0,0,0,0,0,0,0,0,0,0.128921509,0.105021931,0,0,0,,
6008-01,6008,1,0,0.003352851,0.000379907,0.29438828,0,0,0,0,0,0.376256728,2.00E-05,0.000720025,0.192049807,0.018103041,0,0.001553884,0,0.113175524,0,,
6008-02,6008,2,0,0.000342716,0.000986469,0.051443752,0.019091893,0,0.015461282,0,0,0.016528485,0.004809127,0.10239866,0.057740909,0,0,0.435239213,0.065869216,0.001028754,0.229059524,,
6008-03,6008,3,0,0.199559736,0.000147897,0.028842485,0.06559435,0,0.003717488,0,9.30E-05,0.016600514,0.173721206,0.123668677,0.010893365,0,0,0.284024646,0.029974062,0.002089813,0.061072807,,
6008-04,6008,4,0,0.59463876,0.000113704,0.004960602,0.026437019,0,0.00180953,0,0,0.001917052,0.066907525,0.104030056,0.005211824,0,0,0.151945417,0.021772533,0.000451268,0.019804709,,
6010-01,6010,1,1,0.198673336,0.65167703,0,0.0007025,0,0,3.85E-05,0.001800523,0.00038309,0.002731462,0.123543816,0.000563516,0,0.000233695,0.004592633,0.014630098,0.000429789,0,,
6010-02,6010,2,1,0.417762432,0.399052099,0,0.021665581,0,0,0,0.004298844,0.003890553,0.001475142,0.022210899,1.41E-05,0,0.000438282,0.004007104,0.124902878,0.000253475,2.86E-05,,
6010-03,6010,3,1,0.4230131,0.0714382,0,0.1141199,0,0,0,0,0,0,0,0,0,0,0,0.3914288,0,0,,
6010-04,6010,4,1,0.184493093,0.181696542,0,0.110944572,0,0.006807163,0,0.006261737,0.007529697,0.001858318,0.002123542,0,0,0.000590577,0,0.449436984,0.048257775,0,,
6011-01,6011,1,0,0.026427132,0.11119244,0,0.105299036,0,0,0,0,0.275669892,0,0.007709387,0.154732932,0,0,0,0.022730989,0.014515948,0.281722244,,
6011-02,6011,2,0,0.002140765,0.00838579,0.021359421,0.232531425,0,0.053589333,0,0,0.000508077,0,0.030614269,0.073977423,0.061393941,0,0.000122853,0.118689177,0.13251318,0.264174347,,
6011-03,6011,3,0,0.041033549,0.111461551,0,0.197342363,0,0.041760068,0,0,0.12133457,0,0.115969133,0.038938913,0,0,0,0.172565597,0.091724006,0.06787025,,
6011-04,6011,4,0,0.004347842,0.007862559,0.096248516,0.073731523,0,0.025745779,0,0,0.045548468,0,0.252689851,0.103369864,0.002475135,0,0,0.172839668,0.025300581,0.189840213,,
6012-01,6012,1,0,0.001642232,0.004340331,0.018514972,0.552864094,0,0.047579796,8.85E-05,0,0.029949285,0,0.000619902,0.001153537,0.005728392,0,0.000165194,0.189873398,0.137100426,0.010379915,,
6012-02,6012,2,0,0.001038577,0.003273537,0.126952779,0.412486515,0,0.033598127,0,0,0.042351411,0.004540964,0.000761938,0,0.002713104,0,0.017728391,0.305546409,0.048590286,0.000417961,,
6012-03,6012,3,0,0.00081567,0.002178403,0.084856434,0.058645206,0,0.007137839,0,0,0.002103554,0.000600971,0.000309557,0.003065501,0,0,0.041644166,0.76667316,0.031320777,0.000648762,,
6012-04,6012,4,0,0.001148711,0.002588851,0.099248984,0.236481421,0,0.020592267,0,9.37E-05,0.021678298,0.002936945,0.000409387,0.006121719,0,0,0.397064628,0.173720704,0.022221025,0.015693388,,
6013-01,6013,1,0,0.167126386,0.666575987,0,0.004208769,0.002181441,0,0.00012142,0.002030823,0.00674388,0.010877802,0.126747104,0.000285917,0,0.001315876,7.93E-05,0.009900379,0.001112517,0.000692431,,
6013-02,6013,2,0,0.021193518,0.057198128,0.008566477,0.007822066,0.032611023,0,0.001157216,0.023431249,0.110279291,0.155504903,0.439244732,0.00701257,0,0.000618214,0.001036461,0.036188463,0.069659314,0.028476373,,
6013-03,6013,3,0,0.100824551,0.269697352,0.010250872,0.006007081,0.008789737,0,7.25E-05,0.009973794,0.413787054,0.078996987,0.022334944,0,0,0.020368374,0.001673319,0.046811998,0.0086274,0.001784069,,
6013-04,6013,4,0,0.086515516,0.792162167,0.001186446,0.000870054,0.001138609,0,9.39E-06,0.000953921,0.000338595,0.035946217,0.013838409,0.000217589,0.000769131,0.060633505,0.002038738,0.001742227,0.000890138,0.00074935,,
6014-01,6014,1,0,0.001680476,0.007917089,0.034529623,3.44E-05,0,0,0,0,0.89123413,0,0.000501079,0,5.92E-05,0,0,5.19E-05,0.058094248,0.005897917,,
6014-02,6014,2,0,0.001975604,0.011375891,0.023099273,0.000200495,0,0,0.000845741,0,0.731646092,0,0.00130153,0.001912235,0.054065902,0,0,0.000419949,0.170095839,0.003061446,,
6014-03,6014,3,0,0,0.000172146,0.035894655,0.014836141,0,0,0,0,0.413419283,0,0,0.268326167,0.005445075,0,0,0.000111782,0.06447111,0.197323641,,
6014-04,6014,4,0,0.001247249,0.004828867,0.040999315,0,0,0,5.38E-05,0,0.374892368,0,0.001278171,0,0.035831193,0,0,0,0.088580867,0.45228819,,
6015-01,6015,1,0,0.001066042,0.1886325,0.03916154,0.017369742,0,0.001910892,0,0,0.039572428,0.052438622,0,0.090888255,0.002926313,0,0.007709988,0.140221262,0.200654676,0.217447741,,
6015-02,6015,2,0,0.005072534,0.381814852,0.080623132,0.06288207,0,0.015598972,0,0,0.025127324,0,0,0.120325624,0.000485968,0,0,0.0388641,0.147950261,0.121255162,,
6015-03,6015,3,0,0,0.664764575,0.00503371,0.071188623,0,0.002632374,0.076586152,0,0.01841118,0,0,0.010182573,0,0,0,0.092231863,0.033424274,0.025544676,,
6015-04,6015,4,0,0.003007552,0.016335804,0,0,0,0,0,0,0.857998928,0,0,0,0,0,0,0,0,0.122657716,,
6016-01,6016,1,0,0.005246207,0.06616886,0.012643667,0.077598478,0,0.000395896,0.170076965,0.064241487,0.00848081,0.012134115,0.010077882,0.000253428,0,0.001212455,0.003016732,0.456584567,0.08867781,0.023190641,,
6016-02,6016,2,0,0.016268582,0.604529234,0.002944813,0.012599812,0,0,0.079513832,0.00515789,0.001157153,0.012541576,0.056995801,0.019790815,0,0.013539263,0.08374089,0.051729744,0.032203935,0.007286661,,
6016-03,6016,3,0,0.142573451,0.236603835,0.035048893,0.048121887,0,9.23E-05,0.168464913,0.033463881,0.000301996,0.030320406,0.027645581,0.000233892,0,0.056799557,0.052147255,0.152123346,0.015730072,0.00032869,,
6016-04,6016,4,0,0.12730342,0.20847103,0.054346064,0.017033607,0,0.000108248,0.217537258,0.008284481,0.000257611,0.156733822,0.01443585,7.91E-05,0,0.013672659,0.001174167,0.172138259,0.008343426,8.10E-05,,
6017-01,6017,1,1,0.190621193,0.254695775,0,0.010976622,0,0,0.023074348,0.005920322,0.006249144,0.306159378,0.152994943,0,0,0,0.021273245,0.02438984,0,0.00364519,,
6017-02,6017,2,1,0.3947936,0.434728794,0,0.030552978,0,0,0.002389825,0.004680105,0.0451696,0.012433673,0.044939784,0,0,0,0.002802541,0.027509099,0,0,,
6017-03,6017,3,1,0.353206124,0.50305887,0,0.072167307,0,0,0,0,0.004768677,0,0.061579373,0,0,0,0,0.005017064,0.000202585,0,,
6017-04,6017,4,1,0.386228134,0.331253316,0,0.019483926,0,0,0.016336248,0.003709992,0.002958542,0.053154145,0.122045761,0,0,0,0.009354729,0.055475207,0,0,,
6018-01,6018,1,0,0.000463523,0.002634281,0.041850652,3.53E-05,0,0,0.000154155,0,0.207451768,0.0001205,0.00155002,0.203869495,0.187370704,0,0.000464347,0.000447284,0.353587969,0,,
6018-02,6018,2,0,0.000119299,0.00174846,0.013445556,0,0,0,0,0,0.307819476,0.000211534,0.000283016,0.115195436,0.286889415,2.84E-05,0,0,0.274259411,0,,
6018-03,6018,3,0,0.000778435,0.007435691,0.0062403,0.000142779,0,0,0.000334515,0,0.099363527,0.097375997,0.000334515,0.172323693,0.325220546,0,0.027361485,0.001101567,0.261275153,0.000711797,,
6018-04,6018,4,0,0.000291016,0.000831431,7.85E-05,5.39E-05,0,0,0,0,7.40E-05,0.674857266,0.000260959,0,0.054113086,0,0.194093271,0.005931197,0.068517421,0.000897978,,
6019-01,6019,1,1,0,0.358988412,0.005380299,0.038548774,0,0.015240847,0.026508981,0.03329375,0.016711976,0.01157358,0.108863664,0.14283195,0,0.039632515,0.001546938,0.192046511,3.98E-05,0.008791988,,
6019-02,6019,2,1,0,0.539506088,0.006968981,0.016587608,0,0.013486365,0,0.000597764,0.005733964,0.000674021,0.000800041,0,0,0.076432038,0,0.338942654,0,0.000270475,,
6019-03,6019,3,1,0.000489095,0.647878158,0.00616533,0.023325904,0,0.007785814,3.78E-06,0.005726553,0.001703054,0.002234302,0.000993295,0.000367229,0,0.015305647,8.68E-06,0.286211108,0.00157037,0.000231687,,
6019-04,6019,4,1,0.011284484,0.366529959,0.067310584,0.063911815,0.000209071,0.058457233,0.001144075,0.035541152,0.005233776,0.014554886,0.01043595,0,0,0.055200418,0.000158116,0.290968944,0.01842862,0.000630919,,
7004-01,7004,1,1,0.022261181,0.344606851,0,0.050405037,0.035763756,0,0.003985132,0.018431878,0.120723615,0.063301238,0.178081373,2.83E-05,0,0.066484227,0,0.089929886,0.005787651,0.000209903,,
7004-02,7004,2,1,0.076738952,0.041263395,0,0.104863136,0.001000581,0,0,0,0.012574548,0,0.005154882,0,0,0.737820283,0,0.020584223,0,0,,
7004-03,7004,3,1,0.021008946,0.065485387,0.000669391,0.129547339,0.000453352,0.017082651,0,0,0.075390351,0.001871055,0.002039037,0,0.009705678,0.188432062,0.000109342,0.458812482,0.029392926,0,,
7004-04,7004,4,1,0,0.400144023,0.070900923,0.019468916,0,0.002993412,0,1.69E-05,0.00014291,0.270675931,0.093302322,0.006719084,0.017875959,0,0.043382507,0.039526981,0.005939659,0.02891047,,
7005-01,7005,1,1,0.115068265,0.313936876,0.000979708,0.002276937,0.012786376,0,0.101016912,0.028761745,0.036620804,0.004563755,0.24072296,0.002306908,0,0.02772785,0.001142269,0.112088635,0,0,,
7005-02,7005,2,1,0.297605163,0.289535097,0,0.001891886,0.0083269,0,0,0.00864353,0.006347119,0.004541734,0.030652294,0,0,0.142322111,0.001113373,0.209020793,0,0,,
7005-03,7005,3,1,0.324557245,0.186200427,0,0.003956716,0.004745301,0,0.000145282,0.003498734,0.000753867,0.000541086,0.076701781,8.18E-05,0,0.163269283,8.18E-05,0.228671036,0.006775251,2.04E-05,,
7005-04,7005,4,1,0.429670827,0.245877261,0.000489756,0.001193465,0.003239359,0,0.004069278,0.002273616,9.21E-05,0.00040212,0.078739652,0,0,0.130663156,2.35E-05,0.102087188,0.001178714,0,,
7006-01,7006,1,1,0.035110362,0.503018752,0,8.18E-05,0.026735346,0.000736854,0,0.052382452,0,0.003524695,0.186634216,0.013378307,0,0.000579259,0.01671159,0.048862644,0.012350833,0.09989292,,
7006-02,7006,2,1,0.157135451,0.742149853,0,0.001202387,0.001248598,0,0,0.002963715,0,0.000636328,0.061747844,0.000253007,0,0.001120991,0.01398277,0.017559056,0,0,,
7006-03,7006,3,1,0.573731935,0.355836634,0,0.006924696,0.000298657,0,0,0.001358883,0,0.002224093,0.026472189,0.00022246,0,0.005892113,0.002238669,0.023010746,0.001788925,0,,
7006-04,7006,4,1,0.236863938,0.679528408,5.18E-05,0.019293066,0.000760177,0,7.76E-06,0.001837027,0.002336788,0.001525395,0.030702574,0.000140945,0,0.003506391,0.000473649,0.022684624,0.000287436,0,,
7007-01,7007,1,0,0.071276068,0.085607564,0.070091579,0.127849109,0,0.036059594,0,0,0.132180063,0.084514398,0.121839506,0.013806131,0,0.006725205,0.002894029,0.161652996,0,0.08550376,,
7007-02,7007,2,0,0.001369765,0.001712566,0.055781964,0.074036716,0,0.004164319,0.0322519,0,0.003261393,0.468778149,0.278985518,0.027804639,0,0.000453057,0.000255275,0.028659842,0.013493077,0.008991819,,
7007-03,7007,3,0,0.001258024,0.000381966,0.073981178,0.086803641,0,0.061217635,0.01532268,0,0.002754702,0.524900753,0.18694681,0.003112029,0,8.94E-05,0.015025463,0.022088441,0.005476076,0.000641212,,
7007-04,7007,4,0,0.000397722,0.000338558,0.02907594,0.049944252,0,0.024988253,0.050512815,0.000960238,0.041928228,0.381763971,0.056659264,0.004790303,0,8.42E-05,0.251347225,0.099055667,0.003238219,0.004915183,,
7008-01,7008,1,1,0.217805593,0.632700915,0.000681542,0.000639448,0.003097091,0,0,0.003436524,0.001796881,0.031755604,0.091794405,0,0,0.015157593,0.000222147,0.000868557,4.37E-05,0,,
7008-02,7008,2,1,0.194682062,0.288508917,0,0.005835676,0.00747808,0,0,0.023574865,0,0,0.398793133,0,0,0.031807417,0,0.04931985,0,0,,
7008-03,7008,3,1,0.508004768,0.442809373,0,0.002600635,0.000476208,0,0,0.000777735,4.53E-05,0.000370611,0.007912847,0,0,0.02822289,0.000124555,0.00858931,6.58E-05,0,,
7008-04,7008,4,1,0.263892342,0.237309665,0,0.124873893,5.03E-05,2.51E-05,0,0.000161614,0.000852598,0,0.000244895,0,0,0.004537571,0,0.367179174,0.0008728,0,,
7011-01,7011,1,1,0.064324924,0.799737966,0.000357244,0.001636395,1.69E-05,0,0.000100711,0.001693265,2.69E-05,0.013910081,0.049528195,0.000108673,0,0.000399741,0.000363448,0.067575483,0.000119529,0.000100607,,
7011-02,7011,2,1,0.0608454,0.9391546,0,0,0,0,0,0,0,0,0,0,0,0,0,0,0,0,,
7011-03,7011,3,1,0.439820697,0.487399737,0,0,0,0,0,0,0,0,0.004659297,0,0,0.047246831,0,0.020873438,0,0,,
7011-04,7011,4,1,0.217642408,0.298425175,0,0.066674323,0,0,0,0,0,0,0,0,0,0,0,0.417258094,0,0,,
7013-01,7013,1,1,0.000417486,0.857113892,7.10E-05,0.006954599,7.48E-05,0,0.000267112,0,0.126524999,0.000362398,0.000219521,5.27E-05,0,0.000191821,3.50E-05,0,0.000280338,0.007434359,,
7013-02,7013,2,1,0.002414391,0.908426221,0.003169151,0.000223834,0.000640433,0,0.001773445,0,0.039189994,0.002325801,0.00095296,0,0,0.025384378,0.000490322,0.000203224,0.014805845,0,,
7013-03,7013,3,1,0.260973701,0.491474706,0.00228358,0.047267773,9.12E-05,0,0.000336149,0,0.005683126,0.000443568,0.000155138,0,0,0.177162915,5.18E-05,2.59E-05,0.013928598,0.000121815,,
7013-04,7013,4,1,0.283595791,0.333195532,0.004050973,0.157423054,0.001993615,0.024132092,0.007014954,0.00076274,0.057934287,0.007914518,0.00426077,0,0,0.012818688,0.001167349,0.028088048,0.075647588,0,,
7015-01,7015,1,1,0.021506926,0.142872907,0.033326086,0.004923898,0.00130107,7.53E-05,0.151576713,0.064324511,0.000900337,0.161120681,0.083153873,0.000364824,0,0.024978414,0.000569454,0.308324914,0.000680131,0,,
7015-02,7015,2,1,0.234967124,0.525980053,0.036185904,0.0043444,0.017880602,0,0.022391002,0,0,0.058000206,0.070508407,0,0,0.017533902,0,0.012208401,0,0,,
7015-03,7015,3,1,0.011965856,0.537544211,0.00085342,0.002253942,2.69E-05,5.63E-05,0.000387855,0.002123111,0.00108829,0.000703915,0.004893768,0.000793108,0,0.015903209,5.28E-05,0.420874594,0.00043912,3.97E-05,,
7015-04,7015,4,1,0.017812412,0.477567511,0.01833228,0.009506058,0,0.014261565,0.062308686,0.013136028,0.01044694,0.019027899,0.028266839,0,0,0.05148596,0.001698121,0.272744657,0.003405045,0,,
